orden_insercion,N,M,estado,tiempo_lista_s,tiempo_abb_s,tiempo_bplus_s
aleatorio,10,10000000,ok,1.5610450645908713,1.7247948562726378,1.1608301429077983
aleatorio,50,10000000,ok,4.971459857188165,2.8795847902074456,1.773959957063198
aleatorio,100,10000000,ok,10.299999848939478,3.2335397554561496,1.747914939187467
aleatorio,500,5000000,ok,22.939687478356063,2.3669772781431675,1.1967698810622096
aleatorio,1000,5000000,ok,49.228957504965365,3.0964575125835836,1.1971875210292637
aleatorio,2500,5000000,ok,119.26718754693866,3.641562652774155,1.5216675819829106
aleatorio,5000,5000000,ok,272.71177008515224,28.10583246173337,1.5771875041536987
aleatorio,10000,10000,aceptable,1.0598145797848701,0.009093750268220901,0.0037018751027062535
ordenado,10,10000000,ok,1.5579152386635542,2.312500146217644,1.1668750084936619
ordenado,50,10000000,ok,4.888125113211572,10.195205104537308,1.901250216178596
ordenado,100,10000000,ok,9.587290114723146,18.90958519652486,1.8406246090307832
ordenado,500,10000000,ok,44.84937526285648,103.31541474442929,1.9329146016389134
ordenado,1000,5000000,ok,49.5041674003005,112.25718742934987,1.2131250696256757
ordenado,2500,20000,aceptable,0.5316666699945927,1.2121020804625005,0.005548750050365925
ordenado,5000,10000,aceptable,0.5414452048717067,1.2145072896964848,0.0028693751664832234
ordenado,10000,5000,aceptable,0.621582082239911,1.2413298949832097,0.001851770211942494
