estructura,orden_insercion,operacion,pendiente_log_log,interpretacion
Lista,aleatorio,busqueda,0.941,crecimiento cercano a O(N)
ABB,aleatorio,busqueda,0.245,crecimiento cercano a O(log N)
B+,aleatorio,busqueda,0.141,crecimiento cercano a O(log N)
Lista,ordenado,busqueda,0.980,crecimiento cercano a O(N)
ABB,ordenado,busqueda,1.031,crecimiento cercano a O(N)
B+,ordenado,busqueda,0.143,crecimiento cercano a O(log N)
Lista,aleatorio,insercion,0.937,crecimiento cercano a O(N) u O(N log N)
ABB,aleatorio,insercion,1.188,crecimiento cercano a O(N) u O(N log N)
B+,aleatorio,insercion,1.105,crecimiento cercano a O(N) u O(N log N)
Lista,ordenado,insercion,0.941,crecimiento cercano a O(N) u O(N log N)
ABB,ordenado,insercion,1.981,crecimiento cercano a O(N^2)
B+,ordenado,insercion,1.078,crecimiento cercano a O(N) u O(N log N)
Lista,aleatorio,listado,1.102,crecimiento cercano a O(N) u O(N log N)
ABB,aleatorio,listado,0.999,crecimiento cercano a O(N) u O(N log N)
B+,aleatorio,listado,0.836,crecimiento cercano a O(N) u O(N log N)
Lista,ordenado,listado,1.014,crecimiento cercano a O(N) u O(N log N)
ABB,ordenado,listado,0.968,crecimiento cercano a O(N) u O(N log N)
B+,ordenado,listado,0.855,crecimiento cercano a O(N) u O(N log N)
