estructura,orden_insercion,operacion,N,M,repeticiones,promedio_s,desv_est_s,mediana_s,minimo_s,maximo_s,cv_porcentaje,atipicos_IQR
ABB,aleatorio,busqueda,10,10000000,5,1.708973783,0.091263353,1.703213125,1.585500125,1.842114709,5.34,2
ABB,aleatorio,busqueda,50,10000000,5,2.934543942,0.276485629,2.927189958,2.634734000,3.367397625,9.42,1
ABB,aleatorio,busqueda,100,10000000,5,3.339090450,0.064980146,3.331733500,3.265646084,3.441069583,1.95,1
ABB,aleatorio,busqueda,500,5000000,5,2.554574117,0.085855860,2.583532500,2.433344708,2.631561291,3.36,0
ABB,aleatorio,busqueda,1000,5000000,5,3.104271525,0.040716068,3.092825250,3.061779042,3.168599375,1.31,1
ABB,aleatorio,busqueda,2500,5000000,5,3.717272458,0.149033229,3.802168333,3.525831166,3.856199625,4.01,0
ABB,aleatorio,busqueda,5000,5000000,5,4.230647158,0.107467051,4.212583833,4.134021166,4.410531833,2.54,1
ABB,aleatorio,busqueda,10000,2000000,5,1.849387367,0.105337655,1.861496333,1.741518083,1.997770750,5.70,0
ABB,aleatorio,insercion,10,,5,0.000002577,0.000000126,0.000002534,0.000002429,0.000002765,4.88,1
ABB,aleatorio,insercion,50,,5,0.000017069,0.000001136,0.000016898,0.000015935,0.000018858,6.66,0
ABB,aleatorio,insercion,100,,5,0.000036780,0.000000615,0.000036507,0.000036325,0.000037811,1.67,1
ABB,aleatorio,insercion,500,,5,0.000258865,0.000005426,0.000259808,0.000250539,0.000264803,2.10,0
ABB,aleatorio,insercion,1000,,5,0.000610079,0.000004804,0.000608973,0.000606478,0.000618246,0.79,1
ABB,aleatorio,insercion,2500,,5,0.001817681,0.000066990,0.001854898,0.001728529,0.001875305,3.69,0
ABB,aleatorio,insercion,5000,,5,0.004117242,0.000125146,0.004082329,0.003989351,0.004314411,3.04,1
ABB,aleatorio,insercion,10000,,5,0.009031680,0.000299157,0.009160196,0.008658189,0.009333799,3.31,0
ABB,aleatorio,listado,10,,5,0.000000737,0.000000020,0.000000739,0.000000713,0.000000763,2.76,0
ABB,aleatorio,listado,50,,5,0.000003120,0.000000008,0.000003122,0.000003106,0.000003126,0.25,2
ABB,aleatorio,listado,100,,5,0.000006473,0.000000121,0.000006490,0.000006324,0.000006643,1.86,0
ABB,aleatorio,listado,500,,5,0.000032173,0.000000500,0.000032054,0.000031642,0.000032977,1.55,1
ABB,aleatorio,listado,1000,,5,0.000067118,0.000000157,0.000067219,0.000066928,0.000067255,0.23,0
ABB,aleatorio,listado,2500,,5,0.000171446,0.000001074,0.000171590,0.000169672,0.000172484,0.63,1
ABB,aleatorio,listado,5000,,5,0.000342054,0.000004782,0.000339468,0.000338600,0.000349887,1.40,0
ABB,aleatorio,listado,10000,,5,0.000675481,0.000005507,0.000675594,0.000666540,0.000680931,0.82,1
ABB,ordenado,busqueda,10,10000000,5,2.277664916,0.020683115,2.268477708,2.265788875,2.314450625,0.91,1
ABB,ordenado,busqueda,50,10000000,5,9.419868116,0.028326798,9.424334417,9.381227916,9.447383833,0.30,0
ABB,ordenado,busqueda,100,10000000,5,18.307993667,0.052319610,18.292618667,18.259051666,18.395312083,0.29,1
ABB,ordenado,busqueda,500,10000000,5,102.126915667,0.807899177,101.901245334,101.234225917,103.304602625,0.79,0
ABB,ordenado,busqueda,1000,5000000,5,114.930041975,0.725898034,114.801937292,114.201061333,116.133699542,0.63,1
ABB,ordenado,busqueda,2500,20000,5,1.182948025,0.006099350,1.181978792,1.175130000,1.189848750,0.52,0
ABB,ordenado,busqueda,5000,10000,5,1.195215117,0.009022873,1.198040583,1.182925708,1.205396833,0.75,0
ABB,ordenado,busqueda,10000,5000,5,1.252151517,0.014103281,1.252162792,1.233241083,1.271209000,1.13,0
ABB,ordenado,insercion,10,,5,0.000003036,0.000000017,0.000003032,0.000003016,0.000003062,0.56,1
ABB,ordenado,insercion,50,,5,0.000044529,0.000000094,0.000044513,0.000044400,0.000044654,0.21,0
ABB,ordenado,insercion,100,,5,0.000163589,0.000000355,0.000163656,0.000163081,0.000164056,0.22,2
ABB,ordenado,insercion,500,,5,0.004328414,0.000024001,0.004316280,0.004303290,0.004358993,0.55,0
ABB,ordenado,insercion,1000,,5,0.019483263,0.000107988,0.019423645,0.019400925,0.019648734,0.55,0
ABB,ordenado,insercion,2500,,5,0.126004983,0.000470333,0.125982375,0.125555786,0.126698469,0.37,0
ABB,ordenado,insercion,5000,,5,0.514327529,0.002932094,0.514278959,0.510704042,0.518383875,0.57,0
ABB,ordenado,insercion,10000,,5,2.147072542,0.024892455,2.162487667,2.110349459,2.165325084,1.16,0
ABB,ordenado,listado,10,,5,0.000000783,0.000000012,0.000000779,0.000000772,0.000000804,1.56,1
ABB,ordenado,listado,50,,5,0.000003256,0.000000008,0.000003252,0.000003249,0.000003267,0.24,0
ABB,ordenado,listado,100,,5,0.000006444,0.000000035,0.000006451,0.000006390,0.000006483,0.54,1
ABB,ordenado,listado,500,,5,0.000030715,0.000000463,0.000030500,0.000030409,0.000031507,1.51,1
ABB,ordenado,listado,1000,,5,0.000061045,0.000000422,0.000061240,0.000060488,0.000061420,0.69,0
ABB,ordenado,listado,2500,,5,0.000150202,0.000000750,0.000149942,0.000149441,0.000151049,0.50,0
ABB,ordenado,listado,5000,,5,0.000298198,0.000001795,0.000297970,0.000296280,0.000300634,0.60,0
ABB,ordenado,listado,10000,,5,0.000604206,0.000005583,0.000603740,0.000598081,0.000610918,0.92,0
B+,aleatorio,busqueda,10,10000000,5,1.173708192,0.013508398,1.176144834,1.153635042,1.189265709,1.15,0
B+,aleatorio,busqueda,50,10000000,5,1.700539042,0.023170489,1.696670458,1.673461667,1.736190792,1.36,1
B+,aleatorio,busqueda,100,10000000,5,1.783205542,0.013110163,1.780770625,1.771127167,1.801202000,0.74,0
B+,aleatorio,busqueda,500,5000000,5,0.973579583,0.001435145,0.973514333,0.971710917,0.975606208,0.15,0
B+,aleatorio,busqueda,1000,5000000,5,1.225271825,0.015414243,1.218309708,1.212195250,1.250665833,1.26,1
B+,aleatorio,busqueda,2500,5000000,5,1.369457283,0.005637581,1.368962000,1.361936500,1.377275750,0.41,0
B+,aleatorio,busqueda,5000,5000000,5,1.531794750,0.042793936,1.542171083,1.481378625,1.579587167,2.79,0
B+,aleatorio,busqueda,10000,2000000,5,0.645316325,0.023416565,0.633989958,0.620202333,0.676795500,3.63,0
B+,aleatorio,insercion,10,,5,0.000002142,0.000000026,0.000002144,0.000002108,0.000002179,1.20,1
B+,aleatorio,insercion,50,,5,0.000011244,0.000000196,0.000011262,0.000011042,0.000011508,1.74,0
B+,aleatorio,insercion,100,,5,0.000025710,0.000000367,0.000025713,0.000025238,0.000026211,1.43,0
B+,aleatorio,insercion,500,,5,0.000148468,0.000000590,0.000148755,0.000147698,0.000149048,0.40,0
B+,aleatorio,insercion,1000,,5,0.000331323,0.000004843,0.000329882,0.000325658,0.000338145,1.46,0
B+,aleatorio,insercion,2500,,5,0.000925806,0.000001937,0.000925005,0.000923851,0.000928901,0.21,1
B+,aleatorio,insercion,5000,,5,0.001973963,0.000024030,0.001977708,0.001939987,0.001997136,1.22,0
B+,aleatorio,insercion,10000,,5,0.004143345,0.000028169,0.004137409,0.004118715,0.004190316,0.68,1
B+,aleatorio,listado,10,,5,0.000000186,0.000000001,0.000000186,0.000000184,0.000000187,0.79,0
B+,aleatorio,listado,50,,5,0.000000286,0.000000005,0.000000286,0.000000280,0.000000293,1.83,0
B+,aleatorio,listado,100,,5,0.000000546,0.000000026,0.000000540,0.000000518,0.000000583,4.73,0
B+,aleatorio,listado,500,,5,0.000001887,0.000000043,0.000001896,0.000001823,0.000001935,2.27,0
B+,aleatorio,listado,1000,,5,0.000003840,0.000000132,0.000003855,0.000003641,0.000003975,3.43,0
B+,aleatorio,listado,2500,,5,0.000010700,0.000000190,0.000010696,0.000010407,0.000010931,1.78,2
B+,aleatorio,listado,5000,,5,0.000021608,0.000000469,0.000021744,0.000020994,0.000022139,2.17,0
B+,aleatorio,listado,10000,,5,0.000045130,0.000002334,0.000044365,0.000042445,0.000048623,5.17,0
B+,ordenado,busqueda,10,10000000,5,1.161528950,0.014651531,1.159805333,1.147803708,1.184531084,1.26,0
B+,ordenado,busqueda,50,10000000,5,1.672139617,0.008793222,1.671113875,1.662047292,1.686245125,0.53,2
B+,ordenado,busqueda,100,10000000,5,1.733148808,0.004078106,1.733036250,1.727191250,1.738482042,0.24,2
B+,ordenado,busqueda,500,10000000,5,1.914877208,0.002647060,1.914043375,1.912224125,1.918084625,0.14,0
B+,ordenado,busqueda,1000,5000000,5,1.195724758,0.004691743,1.197048042,1.190675250,1.201203708,0.39,0
B+,ordenado,busqueda,2500,20000,5,0.005301525,0.000243568,0.005204125,0.005159708,0.005735667,4.59,2
B+,ordenado,busqueda,5000,10000,5,0.002818750,0.000035989,0.002812250,0.002773250,0.002872959,1.28,2
B+,ordenado,busqueda,10000,5000,5,0.001735500,0.000017724,0.001735083,0.001718000,0.001759584,1.02,0
B+,ordenado,insercion,10,,5,0.000002039,0.000000018,0.000002047,0.000002015,0.000002058,0.86,0
B+,ordenado,insercion,50,,5,0.000010738,0.000000037,0.000010732,0.000010706,0.000010798,0.34,1
B+,ordenado,insercion,100,,5,0.000023305,0.000000142,0.000023249,0.000023213,0.000023556,0.61,1
B+,ordenado,insercion,500,,5,0.000129331,0.000000518,0.000129079,0.000128979,0.000130210,0.40,1
B+,ordenado,insercion,1000,,5,0.000288279,0.000000824,0.000288021,0.000287559,0.000289698,0.29,2
B+,ordenado,insercion,2500,,5,0.000775450,0.000002166,0.000774469,0.000774086,0.000779228,0.28,1
B+,ordenado,insercion,5000,,5,0.001606902,0.000013669,0.001602480,0.001592696,0.001629057,0.85,1
B+,ordenado,insercion,10000,,5,0.003351023,0.000011967,0.003353798,0.003334686,0.003364238,0.36,0
B+,ordenado,listado,10,,5,0.000000180,0.000000004,0.000000180,0.000000176,0.000000184,2.14,0
B+,ordenado,listado,50,,5,0.000000319,0.000000000,0.000000319,0.000000319,0.000000319,0.06,0
B+,ordenado,listado,100,,5,0.000000599,0.000000014,0.000000599,0.000000584,0.000000621,2.35,0
B+,ordenado,listado,500,,5,0.000002078,0.000000056,0.000002055,0.000002015,0.000002159,2.70,0
B+,ordenado,listado,1000,,5,0.000004341,0.000000117,0.000004366,0.000004178,0.000004495,2.68,1
B+,ordenado,listado,2500,,5,0.000011918,0.000000202,0.000011903,0.000011714,0.000012216,1.70,0
B+,ordenado,listado,5000,,5,0.000024079,0.000000473,0.000024043,0.000023507,0.000024683,1.97,0
B+,ordenado,listado,10000,,5,0.000053801,0.000004823,0.000056431,0.000047161,0.000057748,8.96,0
Lista,aleatorio,busqueda,10,10000000,5,1.556723775,0.026855355,1.558355417,1.518433375,1.593585125,1.73,2
Lista,aleatorio,busqueda,50,10000000,5,4.912479567,0.058491008,4.911295500,4.842159125,4.980582667,1.19,0
Lista,aleatorio,busqueda,100,10000000,5,10.026156858,0.179820781,9.995112583,9.795329417,10.209892916,1.79,0
Lista,aleatorio,busqueda,500,5000000,5,22.418625267,0.210347072,22.404428042,22.117912666,22.701874834,0.94,2
Lista,aleatorio,busqueda,1000,5000000,5,47.428032950,0.646300616,47.098204417,47.012986542,48.538259459,1.36,1
Lista,aleatorio,busqueda,2500,5000000,5,116.231422333,1.302611001,115.718715083,114.827315833,117.949466667,1.12,0
Lista,aleatorio,busqueda,5000,5000000,5,229.937794858,2.737450227,230.353984042,225.425733125,232.848628083,1.19,2
Lista,aleatorio,busqueda,10000,2000000,5,177.193260917,1.845474336,178.164532833,174.799523125,178.745495417,1.04,0
Lista,aleatorio,insercion,10,,5,0.000000662,0.000000013,0.000000662,0.000000646,0.000000682,2.02,0
Lista,aleatorio,insercion,50,,5,0.000002411,0.000000021,0.000002409,0.000002381,0.000002438,0.89,0
Lista,aleatorio,insercion,100,,5,0.000004751,0.000000074,0.000004770,0.000004672,0.000004853,1.57,0
Lista,aleatorio,insercion,500,,5,0.000020673,0.000000055,0.000020673,0.000020608,0.000020746,0.27,0
Lista,aleatorio,insercion,1000,,5,0.000040880,0.000000455,0.000040629,0.000040450,0.000041484,1.11,0
Lista,aleatorio,insercion,2500,,5,0.000100362,0.000000942,0.000100220,0.000099537,0.000101871,0.94,0
Lista,aleatorio,insercion,5000,,5,0.000203981,0.000001966,0.000203261,0.000201904,0.000206332,0.96,0
Lista,aleatorio,insercion,10000,,5,0.000406562,0.000005164,0.000403868,0.000401844,0.000414278,1.27,0
Lista,aleatorio,listado,10,,5,0.000000685,0.000000008,0.000000688,0.000000671,0.000000691,1.18,1
Lista,aleatorio,listado,50,,5,0.000003387,0.000000158,0.000003331,0.000003250,0.000003633,4.68,0
Lista,aleatorio,listado,100,,5,0.000006842,0.000000169,0.000006857,0.000006620,0.000007089,2.47,2
Lista,aleatorio,listado,500,,5,0.000039516,0.000000726,0.000039939,0.000038713,0.000040206,1.84,0
Lista,aleatorio,listado,1000,,5,0.000091708,0.000001284,0.000091662,0.000090043,0.000093609,1.40,2
Lista,aleatorio,listado,2500,,5,0.000266364,0.000000788,0.000266187,0.000265480,0.000267527,0.30,0
Lista,aleatorio,listado,5000,,5,0.000594134,0.000007167,0.000593652,0.000584923,0.000604985,1.21,2
Lista,aleatorio,listado,10000,,5,0.001277027,0.000022907,0.001267696,0.001259742,0.001316882,1.79,1
Lista,ordenado,busqueda,10,10000000,5,1.531986317,0.015720744,1.531438666,1.511523542,1.550781333,1.03,0
Lista,ordenado,busqueda,50,10000000,5,4.751475200,0.035382737,4.769164792,4.695080833,4.781252459,0.74,0
Lista,ordenado,busqueda,100,10000000,5,8.760844200,0.032287454,8.771023083,8.708120459,8.788565375,0.37,1
Lista,ordenado,busqueda,500,10000000,5,43.050035442,0.427640133,42.895085209,42.646213708,43.589970959,0.99,0
Lista,ordenado,busqueda,1000,5000000,5,48.972339867,0.227968158,48.996043584,48.596412833,49.209883083,0.47,2
Lista,ordenado,busqueda,2500,20000,5,0.517391725,0.004451192,0.517200958,0.513447458,0.524277583,0.86,0
Lista,ordenado,busqueda,5000,10000,5,0.532085266,0.019046091,0.524793541,0.518229292,0.564443416,3.58,1
Lista,ordenado,busqueda,10000,5000,5,0.557964100,0.012036668,0.558233042,0.543418667,0.576041833,2.16,1
Lista,ordenado,insercion,10,,5,0.000000644,0.000000013,0.000000640,0.000000636,0.000000666,1.95,1
Lista,ordenado,insercion,50,,5,0.000002369,0.000000006,0.000002368,0.000002362,0.000002378,0.25,2
Lista,ordenado,insercion,100,,5,0.000004596,0.000000018,0.000004607,0.000004566,0.000004608,0.39,1
Lista,ordenado,insercion,500,,5,0.000020310,0.000000101,0.000020337,0.000020193,0.000020450,0.50,0
Lista,ordenado,insercion,1000,,5,0.000039941,0.000000455,0.000039785,0.000039607,0.000040708,1.14,1
Lista,ordenado,insercion,2500,,5,0.000098351,0.000000357,0.000098355,0.000097841,0.000098848,0.36,2
Lista,ordenado,insercion,5000,,5,0.000200699,0.000003004,0.000201233,0.000197337,0.000204145,1.50,0
Lista,ordenado,insercion,10000,,5,0.000410056,0.000005337,0.000409594,0.000403475,0.000416466,1.30,0
Lista,ordenado,listado,10,,5,0.000000560,0.000000005,0.000000558,0.000000555,0.000000569,0.98,1
Lista,ordenado,listado,50,,5,0.000001896,0.000000009,0.000001894,0.000001889,0.000001912,0.50,1
Lista,ordenado,listado,100,,5,0.000003619,0.000000010,0.000003620,0.000003608,0.000003632,0.27,0
Lista,ordenado,listado,500,,5,0.000019872,0.000000362,0.000019748,0.000019610,0.000020511,1.82,2
Lista,ordenado,listado,1000,,5,0.000044276,0.000000183,0.000044252,0.000044087,0.000044577,0.41,1
Lista,ordenado,listado,2500,,5,0.000116311,0.000000809,0.000116079,0.000115599,0.000117653,0.70,1
Lista,ordenado,listado,5000,,5,0.000249458,0.000009721,0.000247857,0.000237814,0.000263220,3.90,0
Lista,ordenado,listado,10000,,5,0.000514870,0.000005021,0.000514839,0.000508057,0.000522156,0.98,2
