estructura,orden_insercion,N,M,repeticion,operacion,tiempo_total_s,tiempo_promedio_us,ejecuciones,altura
Lista,aleatorio,10,,1,insercion,1.000000166,,1548672,
Lista,aleatorio,10,10000000,1,busqueda,1.518433375,0.151843,1,
Lista,aleatorio,10,,1,listado,1.000000208,,1452057,
ABB,aleatorio,10,,1,insercion,1.000000167,,381298,7
ABB,aleatorio,10,10000000,1,busqueda,1.719327625,0.171933,1,7
ABB,aleatorio,10,,1,listado,1.000000500,,1333155,7
B+,aleatorio,10,,1,insercion,1.000001417,,466337,1
B+,aleatorio,10,10000000,1,busqueda,1.189265709,0.118927,1,1
B+,aleatorio,10,,1,listado,1.000000166,,5347409,1
Lista,aleatorio,10,,2,insercion,1.000000125,,1501259,
Lista,aleatorio,10,10000000,2,busqueda,1.558355417,0.155836,1,
Lista,aleatorio,10,,2,listado,1.000000542,,1490986,
ABB,aleatorio,10,,2,insercion,1.000002125,,395029,7
ABB,aleatorio,10,10000000,2,busqueda,1.694713333,0.169471,1,7
ABB,aleatorio,10,,2,listado,1.000000250,,1383756,7
B+,aleatorio,10,,2,insercion,1.000000500,,474288,1
B+,aleatorio,10,10000000,2,busqueda,1.168549250,0.116855,1,1
B+,aleatorio,10,,2,listado,1.000000125,,5337055,1
Lista,aleatorio,10,,3,insercion,1.000000125,,1525954,
Lista,aleatorio,10,10000000,3,busqueda,1.561972417,0.156197,1,
Lista,aleatorio,10,,3,listado,1.000000542,,1453036,
ABB,aleatorio,10,,3,insercion,1.000001209,,411650,5
ABB,aleatorio,10,10000000,3,busqueda,1.585500125,0.158550,1,5
ABB,aleatorio,10,,3,listado,1.000000667,,1310251,5
B+,aleatorio,10,,3,insercion,1.000001292,,458969,1
B+,aleatorio,10,10000000,3,busqueda,1.176144834,0.117614,1,1
B+,aleatorio,10,,3,listado,1.000000083,,5368886,1
Lista,aleatorio,10,,4,insercion,1.000000500,,1511369,
Lista,aleatorio,10,10000000,4,busqueda,1.593585125,0.159359,1,
Lista,aleatorio,10,,4,listado,1.000000500,,1456443,
ABB,aleatorio,10,,4,insercion,1.000002292,,361644,7
ABB,aleatorio,10,10000000,4,busqueda,1.842114709,0.184211,1,7
ABB,aleatorio,10,,4,listado,1.000000500,,1353971,7
B+,aleatorio,10,,4,insercion,1.000000583,,465905,1
B+,aleatorio,10,10000000,4,busqueda,1.180946125,0.118095,1,1
B+,aleatorio,10,,4,listado,1.000000000,,5421954,1
Lista,aleatorio,10,,5,insercion,1.000000167,,1466966,
Lista,aleatorio,10,10000000,5,busqueda,1.551272541,0.155127,1,
Lista,aleatorio,10,,5,listado,1.000000292,,1448038,
ABB,aleatorio,10,,5,insercion,1.000002458,,394607,6
ABB,aleatorio,10,10000000,5,busqueda,1.703213125,0.170321,1,6
ABB,aleatorio,10,,5,listado,1.000000583,,1402965,6
B+,aleatorio,10,,5,insercion,1.000001125,,469227,1
B+,aleatorio,10,10000000,5,busqueda,1.153635042,0.115364,1,1
B+,aleatorio,10,,5,listado,1.000000084,,5429460,1
Lista,aleatorio,50,,1,insercion,1.000002250,,420078,
Lista,aleatorio,50,10000000,1,busqueda,4.911295500,0.491130,1,
Lista,aleatorio,50,,1,listado,1.000001625,,307668,
ABB,aleatorio,50,,1,insercion,1.000014959,,61305,11
ABB,aleatorio,50,10000000,1,busqueda,2.770269625,0.277027,1,11
ABB,aleatorio,50,,1,listado,1.000000250,,320282,11
B+,aleatorio,50,,1,insercion,1.000007333,,90376,2
B+,aleatorio,50,10000000,1,busqueda,1.673461667,0.167346,1,2
B+,aleatorio,50,,1,listado,1.000000125,,3493132,2
Lista,aleatorio,50,,2,insercion,1.000001959,,415100,
Lista,aleatorio,50,10000000,2,busqueda,4.868933125,0.486893,1,
Lista,aleatorio,50,,2,listado,1.000002542,,300185,
ABB,aleatorio,50,,2,insercion,1.000001458,,59180,11
ABB,aleatorio,50,10000000,2,busqueda,2.927189958,0.292719,1,11
ABB,aleatorio,50,,2,listado,1.000001375,,321913,11
B+,aleatorio,50,,2,insercion,1.000008875,,90567,2
B+,aleatorio,50,10000000,2,busqueda,1.690530542,0.169053,1,2
B+,aleatorio,50,,2,listado,1.000000041,,3550786,2
Lista,aleatorio,50,,3,insercion,1.000001584,,415846,
Lista,aleatorio,50,10000000,3,busqueda,4.842159125,0.484216,1,
Lista,aleatorio,50,,3,listado,1.000001375,,305967,
ABB,aleatorio,50,,3,insercion,1.000009458,,53029,13
ABB,aleatorio,50,10000000,3,busqueda,3.367397625,0.336740,1,13
ABB,aleatorio,50,,3,listado,1.000001791,,320162,13
B+,aleatorio,50,,3,insercion,1.000015833,,88797,2
B+,aleatorio,50,10000000,3,busqueda,1.705841750,0.170584,1,2
B+,aleatorio,50,,3,listado,1.000000000,,3466595,2
Lista,aleatorio,50,,4,insercion,1.000001375,,410202,
Lista,aleatorio,50,10000000,4,busqueda,4.959427417,0.495943,1,
Lista,aleatorio,50,,4,listado,1.000001292,,289774,
ABB,aleatorio,50,,4,insercion,1.000001916,,62756,10
ABB,aleatorio,50,10000000,4,busqueda,2.634734000,0.263473,1,10
ABB,aleatorio,50,,4,listado,1.000002292,,319902,10
B+,aleatorio,50,,4,insercion,1.000010167,,88160,2
B+,aleatorio,50,10000000,4,busqueda,1.696670458,0.169667,1,2
B+,aleatorio,50,,4,listado,1.000000167,,3418737,2
Lista,aleatorio,50,,5,insercion,1.000001042,,412670,
Lista,aleatorio,50,10000000,5,busqueda,4.980582667,0.498058,1,
Lista,aleatorio,50,,5,listado,1.000000958,,275265,
ABB,aleatorio,50,,5,insercion,1.000014042,,57667,10
ABB,aleatorio,50,10000000,5,busqueda,2.973128500,0.297313,1,10
ABB,aleatorio,50,,5,listado,1.000001000,,320271,10
B+,aleatorio,50,,5,insercion,1.000005250,,86894,2
B+,aleatorio,50,10000000,5,busqueda,1.736190792,0.173619,1,2
B+,aleatorio,50,,5,listado,1.000000000,,3577271,2
Lista,aleatorio,100,,1,insercion,1.000003500,,206073,
Lista,aleatorio,100,10000000,1,busqueda,10.209892916,1.020989,1,
Lista,aleatorio,100,,1,listado,1.000005458,,145743,
ABB,aleatorio,100,,1,insercion,1.000021916,,27488,11
ABB,aleatorio,100,10000000,1,busqueda,3.348718917,0.334872,1,11
ABB,aleatorio,100,,1,listado,1.000001333,,150538,11
B+,aleatorio,100,,1,insercion,1.000016708,,38891,2
B+,aleatorio,100,10000000,1,busqueda,1.801202000,0.180120,1,2
B+,aleatorio,100,,1,listado,1.000000417,,1851090,2
Lista,aleatorio,100,,2,insercion,1.000002583,,209648,
Lista,aleatorio,100,10000000,2,busqueda,9.926867417,0.992687,1,
Lista,aleatorio,100,,2,listado,1.000003500,,141073,
ABB,aleatorio,100,,2,insercion,1.000023417,,27530,11
ABB,aleatorio,100,10000000,2,busqueda,3.265646084,0.326565,1,11
ABB,aleatorio,100,,2,listado,1.000000500,,156279,11
B+,aleatorio,100,,2,insercion,1.000018250,,39624,2
B+,aleatorio,100,10000000,2,busqueda,1.791606708,0.179161,1,2
B+,aleatorio,100,,2,listado,1.000000333,,1887974,2
Lista,aleatorio,100,,3,insercion,1.000000792,,214048,
Lista,aleatorio,100,10000000,3,busqueda,9.795329417,0.979533,1,
Lista,aleatorio,100,,3,listado,1.000004125,,151062,
ABB,aleatorio,100,,3,insercion,1.000019417,,26448,12
ABB,aleatorio,100,10000000,3,busqueda,3.441069583,0.344107,1,12
ABB,aleatorio,100,,3,listado,1.000005209,,153661,12
B+,aleatorio,100,,3,insercion,1.000024708,,38648,2
B+,aleatorio,100,10000000,3,busqueda,1.771321208,0.177132,1,2
B+,aleatorio,100,,3,listado,1.000000208,,1783000,2
Lista,aleatorio,100,,4,insercion,1.000003583,,209310,
Lista,aleatorio,100,10000000,4,busqueda,10.203581958,1.020358,1,
Lista,aleatorio,100,,4,listado,1.000000209,,147416,
ABB,aleatorio,100,,4,insercion,1.000028792,,27393,12
ABB,aleatorio,100,10000000,4,busqueda,3.308284167,0.330828,1,12
ABB,aleatorio,100,,4,listado,1.000001958,,154090,12
B+,aleatorio,100,,4,insercion,1.000011042,,39193,2
B+,aleatorio,100,10000000,4,busqueda,1.780770625,0.178077,1,2
B+,aleatorio,100,,4,listado,1.000000084,,1932297,2
Lista,aleatorio,100,,5,insercion,1.000002042,,213482,
Lista,aleatorio,100,10000000,5,busqueda,9.995112583,0.999511,1,
Lista,aleatorio,100,,5,listado,1.000003500,,145835,
ABB,aleatorio,100,,5,insercion,1.000020542,,27118,12
ABB,aleatorio,100,10000000,5,busqueda,3.331733500,0.333173,1,12
ABB,aleatorio,100,,5,listado,1.000005875,,158133,12
B+,aleatorio,100,,5,insercion,1.000016916,,38153,2
B+,aleatorio,100,10000000,5,busqueda,1.771127167,0.177113,1,2
B+,aleatorio,100,,5,listado,1.000000250,,1716282,2
Lista,aleatorio,500,,1,insercion,1.000011916,,48202,
Lista,aleatorio,500,5000000,1,busqueda,22.381434500,4.476287,1,
Lista,aleatorio,500,,1,listado,1.000019750,,25014,
ABB,aleatorio,500,,1,insercion,1.000153083,,3992,19
ABB,aleatorio,500,5000000,1,busqueda,2.433344708,0.486669,1,19
ABB,aleatorio,500,,1,listado,1.000018750,,31198,19
B+,aleatorio,500,,1,insercion,1.000065917,,6771,2
B+,aleatorio,500,5000000,1,busqueda,0.975606208,0.195121,1,2
B+,aleatorio,500,,1,listado,1.000000958,,523252,2
Lista,aleatorio,500,,2,insercion,1.000014459,,48465,
Lista,aleatorio,500,5000000,2,busqueda,22.117912666,4.423583,1,
Lista,aleatorio,500,,2,listado,1.000033084,,25812,
ABB,aleatorio,500,,2,insercion,1.000161291,,3777,19
ABB,aleatorio,500,5000000,2,busqueda,2.625088667,0.525018,1,19
ABB,aleatorio,500,,2,listado,1.000001292,,31604,19
B+,aleatorio,500,,2,insercion,1.000086459,,6758,2
B+,aleatorio,500,5000000,2,busqueda,0.972971583,0.194594,1,2
B+,aleatorio,500,,2,listado,1.000000250,,548607,2
Lista,aleatorio,500,,3,insercion,1.000012459,,48374,
Lista,aleatorio,500,5000000,3,busqueda,22.404428042,4.480886,1,
Lista,aleatorio,500,,3,listado,1.000010375,,24872,
ABB,aleatorio,500,,3,insercion,1.000163625,,3818,19
ABB,aleatorio,500,5000000,3,busqueda,2.583532500,0.516706,1,19
ABB,aleatorio,500,,3,listado,1.000000000,,31300,19
B+,aleatorio,500,,3,insercion,1.000112084,,6710,2
B+,aleatorio,500,5000000,3,busqueda,0.971710917,0.194342,1,2
B+,aleatorio,500,,3,listado,1.000001625,,527340,2
Lista,aleatorio,500,,4,insercion,1.000018583,,48301,
Lista,aleatorio,500,5000000,4,busqueda,22.701874834,4.540375,1,
Lista,aleatorio,500,,4,listado,1.000037833,,25039,
ABB,aleatorio,500,,4,insercion,1.000001417,,3849,21
ABB,aleatorio,500,5000000,4,busqueda,2.631561291,0.526312,1,21
ABB,aleatorio,500,,4,listado,1.000003083,,30324,21
B+,aleatorio,500,,4,insercion,1.000143625,,6719,2
B+,aleatorio,500,5000000,4,busqueda,0.974094875,0.194819,1,2
B+,aleatorio,500,,4,listado,1.000000125,,534399,2
Lista,aleatorio,500,,5,insercion,1.000014708,,48526,
Lista,aleatorio,500,5000000,5,busqueda,22.487476292,4.497495,1,
Lista,aleatorio,500,,5,listado,1.000005208,,25831,
ABB,aleatorio,500,,5,insercion,1.000045625,,3888,18
ABB,aleatorio,500,5000000,5,busqueda,2.499343417,0.499869,1,18
ABB,aleatorio,500,,5,listado,1.000002042,,31016,18
B+,aleatorio,500,,5,insercion,1.000076542,,6723,2
B+,aleatorio,500,5000000,5,busqueda,0.973514333,0.194703,1,2
B+,aleatorio,500,,5,listado,1.000000917,,516743,2
Lista,aleatorio,1000,,1,insercion,1.000024291,,24246,
Lista,aleatorio,1000,5000000,1,busqueda,47.032726291,9.406545,1,
Lista,aleatorio,1000,,1,listado,1.000027584,,10952,
ABB,aleatorio,1000,,1,insercion,1.000400417,,1640,22
ABB,aleatorio,1000,5000000,1,busqueda,3.092825250,0.618565,1,22
ABB,aleatorio,1000,,1,listado,1.000041708,,14942,22
B+,aleatorio,1000,,1,insercion,1.000096375,,3071,3
B+,aleatorio,1000,5000000,1,busqueda,1.212195250,0.242439,1,3
B+,aleatorio,1000,,1,listado,1.000003750,,251553,3
Lista,aleatorio,1000,,2,insercion,1.000008209,,24613,
Lista,aleatorio,1000,5000000,2,busqueda,47.012986542,9.402597,1,
Lista,aleatorio,1000,,2,listado,1.000014042,,11106,
ABB,aleatorio,1000,,2,insercion,1.000322625,,1618,23
ABB,aleatorio,1000,5000000,2,busqueda,3.168599375,0.633720,1,23
ABB,aleatorio,1000,,2,listado,1.000016792,,14869,23
B+,aleatorio,1000,,2,insercion,1.000058250,,2994,3
B+,aleatorio,1000,5000000,2,busqueda,1.218309708,0.243662,1,3
B+,aleatorio,1000,,2,listado,1.000000833,,259384,3
Lista,aleatorio,1000,,3,insercion,1.000033875,,24723,
Lista,aleatorio,1000,5000000,3,busqueda,47.098204417,9.419641,1,
Lista,aleatorio,1000,,3,listado,1.000029708,,10910,
ABB,aleatorio,1000,,3,insercion,1.000082458,,1649,21
ABB,aleatorio,1000,5000000,3,busqueda,3.114928250,0.622986,1,21
ABB,aleatorio,1000,,3,listado,1.000010084,,14877,21
B+,aleatorio,1000,,3,insercion,1.000234000,,2958,3
B+,aleatorio,1000,5000000,3,busqueda,1.250665833,0.250133,1,3
B+,aleatorio,1000,,3,listado,1.000001792,,254037,3
Lista,aleatorio,1000,,4,insercion,1.000013833,,24106,
Lista,aleatorio,1000,5000000,4,busqueda,47.457988042,9.491598,1,
Lista,aleatorio,1000,,4,listado,1.000050250,,10880,
ABB,aleatorio,1000,,4,insercion,1.000543125,,1643,20
ABB,aleatorio,1000,5000000,4,busqueda,3.083225708,0.616645,1,20
ABB,aleatorio,1000,,4,listado,1.000023750,,14933,20
B+,aleatorio,1000,,4,insercion,1.000217500,,3041,3
B+,aleatorio,1000,5000000,4,busqueda,1.228583000,0.245717,1,3
B+,aleatorio,1000,,4,listado,1.000002750,,274648,3
Lista,aleatorio,1000,,5,insercion,1.000022375,,24635,
Lista,aleatorio,1000,5000000,5,busqueda,48.538259459,9.707652,1,
Lista,aleatorio,1000,,5,listado,1.000027459,,10683,
ABB,aleatorio,1000,,5,insercion,1.000445416,,1649,22
ABB,aleatorio,1000,5000000,5,busqueda,3.061779042,0.612356,1,22
ABB,aleatorio,1000,,5,listado,1.000060458,,14877,22
B+,aleatorio,1000,,5,insercion,1.000202208,,3032,3
B+,aleatorio,1000,5000000,5,busqueda,1.216605333,0.243321,1,3
B+,aleatorio,1000,,5,listado,1.000000167,,263567,3
Lista,aleatorio,2500,,1,insercion,1.000085375,,9946,
Lista,aleatorio,2500,5000000,1,busqueda,115.718715083,23.143743,1,
Lista,aleatorio,2500,,1,listado,1.000111709,,3761,
ABB,aleatorio,2500,,1,insercion,1.000294250,,536,28
ABB,aleatorio,2500,5000000,1,busqueda,3.802168333,0.760434,1,28
ABB,aleatorio,2500,,1,listado,1.000107666,,5834,28
B+,aleatorio,2500,,1,insercion,1.000530583,,1083,3
B+,aleatorio,2500,5000000,1,busqueda,1.368962000,0.273792,1,3
B+,aleatorio,2500,,1,listado,1.000002084,,91484,3
Lista,aleatorio,2500,,2,insercion,1.000095750,,9979,
Lista,aleatorio,2500,5000000,2,busqueda,114.827315833,22.965463,1,
Lista,aleatorio,2500,,2,listado,1.000063833,,3767,
ABB,aleatorio,2500,,2,insercion,1.001641208,,568,26
ABB,aleatorio,2500,5000000,2,busqueda,3.588917666,0.717784,1,26
ABB,aleatorio,2500,,2,listado,1.000165333,,5813,26
B+,aleatorio,2500,,2,insercion,1.000808167,,1082,3
B+,aleatorio,2500,5000000,2,busqueda,1.361936500,0.272387,1,3
B+,aleatorio,2500,,2,listado,1.000004042,,96090,3
Lista,aleatorio,2500,,3,insercion,1.000065667,,9817,
Lista,aleatorio,2500,5000000,3,busqueda,115.441603208,23.088321,1,
Lista,aleatorio,2500,,3,listado,1.000014958,,3738,
ABB,aleatorio,2500,,3,insercion,1.001645000,,540,27
ABB,aleatorio,2500,5000000,3,busqueda,3.813245500,0.762649,1,27
ABB,aleatorio,2500,,3,listado,1.000063625,,5798,27
B+,aleatorio,2500,,3,insercion,1.000426625,,1077,3
B+,aleatorio,2500,5000000,3,busqueda,1.377275750,0.275455,1,3
B+,aleatorio,2500,,3,listado,1.000011125,,92819,3
Lista,aleatorio,2500,,4,insercion,1.000046708,,10047,
Lista,aleatorio,2500,5000000,4,busqueda,117.220010875,23.444002,1,
Lista,aleatorio,2500,,4,listado,1.000064959,,3757,
ABB,aleatorio,2500,,4,insercion,1.000818250,,579,25
ABB,aleatorio,2500,5000000,4,busqueda,3.525831166,0.705166,1,25
ABB,aleatorio,2500,,4,listado,1.000049083,,5894,25
B+,aleatorio,2500,,4,insercion,1.000855833,,1082,3
B+,aleatorio,2500,5000000,4,busqueda,1.367414375,0.273483,1,3
B+,aleatorio,2500,,4,listado,1.000009875,,93496,3
Lista,aleatorio,2500,,5,insercion,1.000002125,,10037,
Lista,aleatorio,2500,5000000,5,busqueda,117.949466667,23.589893,1,
Lista,aleatorio,2500,,5,listado,1.000166833,,3750,
ABB,aleatorio,2500,,5,insercion,1.001412625,,534,25
ABB,aleatorio,2500,5000000,5,busqueda,3.856199625,0.771240,1,25
ABB,aleatorio,2500,,5,listado,1.000023667,,5828,25
B+,aleatorio,2500,,5,insercion,1.000416792,,1080,3
B+,aleatorio,2500,5000000,5,busqueda,1.371697791,0.274340,1,3
B+,aleatorio,2500,,5,listado,1.000004417,,93513,3
Lista,aleatorio,5000,,1,insercion,1.000041791,,4920,
Lista,aleatorio,5000,5000000,1,busqueda,230.896040709,46.179208,1,
Lista,aleatorio,5000,,1,listado,1.000303084,,1685,
ABB,aleatorio,5000,,1,insercion,1.003685666,,248,27
ABB,aleatorio,5000,5000000,1,busqueda,4.166033167,0.833207,1,27
ABB,aleatorio,5000,,1,listado,1.000073750,,2946,27
B+,aleatorio,5000,,1,insercion,1.001800333,,511,3
B+,aleatorio,5000,5000000,1,busqueda,1.493555208,0.298711,1,3
B+,aleatorio,5000,,1,listado,1.000010125,,47029,3
Lista,aleatorio,5000,,2,insercion,1.000144792,,4936,
Lista,aleatorio,5000,5000000,2,busqueda,225.425733125,45.085147,1,
Lista,aleatorio,5000,,2,listado,1.000034166,,1682,
ABB,aleatorio,5000,,2,insercion,1.000943250,,232,30
ABB,aleatorio,5000,5000000,2,busqueda,4.410531833,0.882106,1,30
ABB,aleatorio,5000,,2,listado,1.000327333,,2859,30
B+,aleatorio,5000,,2,insercion,1.001245166,,502,3
B+,aleatorio,5000,5000000,2,busqueda,1.579587167,0.315917,1,3
B+,aleatorio,5000,,2,listado,1.000012125,,45170,3
Lista,aleatorio,5000,,3,insercion,1.000030042,,4953,
Lista,aleatorio,5000,5000000,3,busqueda,230.164588333,46.032918,1,
Lista,aleatorio,5000,,3,listado,1.000245000,,1688,
ABB,aleatorio,5000,,3,insercion,1.001327041,,251,27
ABB,aleatorio,5000,5000000,3,busqueda,4.134021166,0.826804,1,27
ABB,aleatorio,5000,,3,listado,1.000267125,,2913,27
B+,aleatorio,5000,,3,insercion,1.000565333,,501,3
B+,aleatorio,5000,5000000,3,busqueda,1.562281667,0.312456,1,3
B+,aleatorio,5000,,3,listado,1.000003083,,45989,3
Lista,aleatorio,5000,,4,insercion,1.000091208,,4847,
Lista,aleatorio,5000,5000000,4,busqueda,232.848628083,46.569726,1,
Lista,aleatorio,5000,,4,listado,1.000039583,,1653,
ABB,aleatorio,5000,,4,insercion,1.000872958,,241,28
ABB,aleatorio,5000,5000000,4,busqueda,4.212583833,0.842517,1,28
ABB,aleatorio,5000,,4,listado,1.000192334,,2951,28
B+,aleatorio,5000,,4,insercion,1.000720125,,506,3
B+,aleatorio,5000,5000000,4,busqueda,1.481378625,0.296276,1,3
B+,aleatorio,5000,,4,listado,1.000012334,,45664,3
Lista,aleatorio,5000,,5,insercion,1.000125000,,4860,
Lista,aleatorio,5000,5000000,5,busqueda,230.353984042,46.070797,1,
Lista,aleatorio,5000,,5,listado,1.000218875,,1710,
ABB,aleatorio,5000,,5,insercion,1.000170541,,245,33
ABB,aleatorio,5000,5000000,5,busqueda,4.230065792,0.846013,1,33
ABB,aleatorio,5000,,5,listado,1.000225792,,2954,33
B+,aleatorio,5000,,5,insercion,1.001033375,,516,3
B+,aleatorio,5000,5000000,5,busqueda,1.542171083,0.308434,1,3
B+,aleatorio,5000,,5,listado,1.000009833,,47634,3
Lista,aleatorio,10000,,1,insercion,1.000188750,,2489,
Lista,aleatorio,10000,2000000,1,busqueda,178.745495417,89.372748,1,
Lista,aleatorio,10000,,1,listado,1.000830417,,760,
ABB,aleatorio,10000,,1,insercion,1.007621584,,110,30
ABB,aleatorio,10000,2000000,1,busqueda,1.861496333,0.930748,1,30
ABB,aleatorio,10000,,1,listado,1.000476917,,1501,30
B+,aleatorio,10000,,1,insercion,1.002463333,,243,3
B+,aleatorio,10000,2000000,1,busqueda,0.662478500,0.331239,1,3
B+,aleatorio,10000,,1,listado,1.000022250,,20567,3
Lista,aleatorio,10000,,2,insercion,1.000066167,,2414,
Lista,aleatorio,10000,2000000,2,busqueda,178.164532833,89.082266,1,
Lista,aleatorio,10000,,2,listado,1.000648291,,785,
ABB,aleatorio,10000,,2,insercion,1.006792000,,109,34
ABB,aleatorio,10000,2000000,2,busqueda,1.890897125,0.945449,1,34
ABB,aleatorio,10000,,2,listado,1.000287625,,1469,34
B+,aleatorio,10000,,2,insercion,1.000847791,,243,3
B+,aleatorio,10000,2000000,2,busqueda,0.633989958,0.316995,1,3
B+,aleatorio,10000,,2,listado,1.000035834,,22541,3
Lista,aleatorio,10000,,3,insercion,1.000105833,,2443,
Lista,aleatorio,10000,2000000,3,busqueda,178.633683959,89.316842,1,
Lista,aleatorio,10000,,3,listado,1.000220875,,790,
ABB,aleatorio,10000,,3,insercion,1.008502834,,115,29
ABB,aleatorio,10000,2000000,3,busqueda,1.741518083,0.870759,1,29
ABB,aleatorio,10000,,3,listado,1.000554875,,1481,29
B+,aleatorio,10000,,3,insercion,1.001253084,,242,3
B+,aleatorio,10000,2000000,3,busqueda,0.633115333,0.316558,1,3
B+,aleatorio,10000,,3,listado,1.000010875,,23560,3
Lista,aleatorio,10000,,4,insercion,1.000138875,,2479,
Lista,aleatorio,10000,2000000,4,busqueda,175.623069250,87.811535,1,
Lista,aleatorio,10000,,4,listado,1.000235500,,794,
ABB,aleatorio,10000,,4,insercion,1.008050292,,108,35
ABB,aleatorio,10000,2000000,4,busqueda,1.997770750,0.998885,1,35
ABB,aleatorio,10000,,4,listado,1.000015583,,1473,35
B+,aleatorio,10000,,4,insercion,1.003071541,,242,3
B+,aleatorio,10000,2000000,4,busqueda,0.676795500,0.338398,1,3
B+,aleatorio,10000,,4,listado,1.000002583,,22644,3
Lista,aleatorio,10000,,5,insercion,1.000381959,,2477,
Lista,aleatorio,10000,2000000,5,busqueda,174.799523125,87.399762,1,
Lista,aleatorio,10000,,5,listado,1.000211833,,789,
ABB,aleatorio,10000,,5,insercion,1.004349959,,116,32
ABB,aleatorio,10000,2000000,5,busqueda,1.755254542,0.877627,1,32
ABB,aleatorio,10000,,5,listado,1.000329625,,1481,32
B+,aleatorio,10000,,5,insercion,1.001485417,,239,3
B+,aleatorio,10000,2000000,5,busqueda,0.620202333,0.310101,1,3
B+,aleatorio,10000,,5,listado,1.000021209,,21713,3
Lista,ordenado,10,,1,insercion,1.000000250,,1557646,
Lista,ordenado,10,10000000,1,busqueda,1.522753917,0.152275,1,
Lista,ordenado,10,,1,listado,1.000000250,,1800591,
ABB,ordenado,10,,1,insercion,1.000002458,,330141,10
ABB,ordenado,10,10000000,1,busqueda,2.271917166,0.227192,1,10
ABB,ordenado,10,,1,listado,1.000000583,,1295294,10
B+,ordenado,10,,1,insercion,1.000001041,,493045,1
B+,ordenado,10,10000000,1,busqueda,1.150346500,0.115035,1,1
B+,ordenado,10,,1,listado,1.000000000,,5696283,1
Lista,ordenado,10,,2,insercion,1.000000292,,1573015,
Lista,ordenado,10,10000000,2,busqueda,1.511523542,0.151152,1,
Lista,ordenado,10,,2,listado,1.000000125,,1795551,
ABB,ordenado,10,,2,insercion,1.000001291,,331536,10
ABB,ordenado,10,10000000,2,busqueda,2.314450625,0.231445,1,10
ABB,ordenado,10,,2,listado,1.000000667,,1244234,10
B+,ordenado,10,,2,insercion,1.000000792,,485834,1
B+,ordenado,10,10000000,2,busqueda,1.184531084,0.118453,1,1
B+,ordenado,10,,2,listado,1.000000042,,5560120,1
Lista,ordenado,10,,3,insercion,1.000000292,,1501879,
Lista,ordenado,10,10000000,3,busqueda,1.550781333,0.155078,1,
Lista,ordenado,10,,3,listado,1.000000291,,1782604,
ABB,ordenado,10,,3,insercion,1.000001250,,326608,10
ABB,ordenado,10,10000000,3,busqueda,2.268477708,0.226848,1,10
ABB,ordenado,10,,3,listado,1.000000042,,1276771,10
B+,ordenado,10,,3,insercion,1.000000458,,488461,1
B+,ordenado,10,10000000,3,busqueda,1.159805333,0.115981,1,1
B+,ordenado,10,,3,listado,1.000000000,,5467585,1
Lista,ordenado,10,,4,insercion,1.000000250,,1561783,
Lista,ordenado,10,10000000,4,busqueda,1.543434125,0.154343,1,
Lista,ordenado,10,,4,listado,1.000000375,,1756881,
ABB,ordenado,10,,4,insercion,1.000000416,,328778,10
ABB,ordenado,10,10000000,4,busqueda,2.267690208,0.226769,1,10
ABB,ordenado,10,,4,listado,1.000000084,,1283348,10
B+,ordenado,10,,4,insercion,1.000000208,,488431,1
B+,ordenado,10,10000000,4,busqueda,1.165158125,0.116516,1,1
B+,ordenado,10,,4,listado,1.000000167,,5424246,1
Lista,ordenado,10,,5,insercion,1.000000500,,1573088,
Lista,ordenado,10,10000000,5,busqueda,1.531438666,0.153144,1,
Lista,ordenado,10,,5,listado,1.000000333,,1792308,
ABB,ordenado,10,,5,insercion,1.000001208,,329762,10
ABB,ordenado,10,10000000,5,busqueda,2.265788875,0.226579,1,10
ABB,ordenado,10,,5,listado,1.000000042,,1286893,10
B+,ordenado,10,,5,insercion,1.000002000,,496392,1
B+,ordenado,10,10000000,5,busqueda,1.147803708,0.114780,1,1
B+,ordenado,10,,5,listado,1.000000000,,5664669,1
Lista,ordenado,50,,1,insercion,1.000001125,,421737,
Lista,ordenado,50,10000000,1,busqueda,4.738792958,0.473879,1,
Lista,ordenado,50,,1,listado,1.000000750,,523039,
ABB,ordenado,50,,1,insercion,1.000000625,,22470,50
ABB,ordenado,50,10000000,1,busqueda,9.401780666,0.940178,1,50
ABB,ordenado,50,,1,listado,1.000000167,,307760,50
B+,ordenado,50,,1,insercion,1.000006208,,93097,2
B+,ordenado,50,10000000,1,busqueda,1.686245125,0.168625,1,2
B+,ordenado,50,,1,listado,1.000000292,,3133963,2
Lista,ordenado,50,,2,insercion,1.000000500,,423341,
Lista,ordenado,50,10000000,2,busqueda,4.781252459,0.478125,1,
Lista,ordenado,50,,2,listado,1.000000125,,529487,
ABB,ordenado,50,,2,insercion,1.000044250,,22436,50
ABB,ordenado,50,10000000,2,busqueda,9.447383833,0.944738,1,50
ABB,ordenado,50,,2,listado,1.000001375,,306131,50
B+,ordenado,50,,2,insercion,1.000005125,,92607,2
B+,ordenado,50,10000000,2,busqueda,1.671113875,0.167111,1,2
B+,ordenado,50,,2,listado,1.000000209,,3131859,2
Lista,ordenado,50,,3,insercion,1.000000958,,422373,
Lista,ordenado,50,10000000,3,busqueda,4.769164792,0.476916,1,
Lista,ordenado,50,,3,listado,1.000000667,,527439,
ABB,ordenado,50,,3,insercion,1.000026250,,22395,50
ABB,ordenado,50,10000000,3,busqueda,9.444613750,0.944461,1,50
ABB,ordenado,50,,3,listado,1.000002500,,307702,50
B+,ordenado,50,,3,insercion,1.000007417,,93407,2
B+,ordenado,50,10000000,3,busqueda,1.671860000,0.167186,1,2
B+,ordenado,50,,3,listado,1.000000250,,3130127,2
Lista,ordenado,50,,4,insercion,1.000001458,,422373,
Lista,ordenado,50,10000000,4,busqueda,4.695080833,0.469508,1,
Lista,ordenado,50,,4,listado,1.000001583,,529361,
ABB,ordenado,50,,4,insercion,1.000016333,,22523,50
ABB,ordenado,50,10000000,4,busqueda,9.381227916,0.938123,1,50
ABB,ordenado,50,,4,listado,1.000002875,,306550,50
B+,ordenado,50,,4,insercion,1.000007625,,93180,2
B+,ordenado,50,10000000,4,busqueda,1.662047292,0.166205,1,2
B+,ordenado,50,,4,listado,1.000000250,,3134346,2
Lista,ordenado,50,,5,insercion,1.000002208,,420495,
Lista,ordenado,50,10000000,5,busqueda,4.773084958,0.477308,1,
Lista,ordenado,50,,5,listado,1.000001166,,528011,
ABB,ordenado,50,,5,insercion,1.000027041,,22466,50
ABB,ordenado,50,10000000,5,busqueda,9.424334417,0.942433,1,50
ABB,ordenado,50,,5,listado,1.000001625,,307546,50
B+,ordenado,50,,5,insercion,1.000007667,,93365,2
B+,ordenado,50,10000000,5,busqueda,1.669431792,0.166943,1,2
B+,ordenado,50,,5,listado,1.000000083,,3134518,2
Lista,ordenado,100,,1,insercion,1.000000209,,216993,
Lista,ordenado,100,10000000,1,busqueda,8.788565375,0.878857,1,
Lista,ordenado,100,,1,listado,1.000003334,,276978,
ABB,ordenado,100,,1,insercion,1.000111291,,6118,100
ABB,ordenado,100,10000000,1,busqueda,18.292618667,1.829262,1,100
ABB,ordenado,100,,1,listado,1.000005417,,154782,100
B+,ordenado,100,,1,insercion,1.000020833,,43081,2
B+,ordenado,100,10000000,1,busqueda,1.732444000,0.173244,1,2
B+,ordenado,100,,1,listado,1.000000083,,1669556,2
Lista,ordenado,100,,2,insercion,1.000002958,,219004,
Lista,ordenado,100,10000000,2,busqueda,8.708120459,0.870812,1,
Lista,ordenado,100,,2,listado,1.000001667,,276211,
ABB,ordenado,100,,2,insercion,1.000015458,,6132,100
ABB,ordenado,100,10000000,2,busqueda,18.259051666,1.825905,1,100
ABB,ordenado,100,,2,listado,1.000001500,,155025,100
B+,ordenado,100,,2,insercion,1.000016708,,42453,2
B+,ordenado,100,10000000,2,busqueda,1.734590500,0.173459,1,2
B+,ordenado,100,,2,listado,1.000000208,,1710910,2
Lista,ordenado,100,,3,insercion,1.000000250,,217079,
Lista,ordenado,100,10000000,3,busqueda,8.782542084,0.878254,1,
Lista,ordenado,100,,3,listado,1.000001417,,277140,
ABB,ordenado,100,,3,insercion,1.000099708,,6110,100
ABB,ordenado,100,10000000,3,busqueda,18.395312083,1.839531,1,100
ABB,ordenado,100,,3,listado,1.000005250,,155389,100
B+,ordenado,100,,3,insercion,1.000007166,,43028,2
B+,ordenado,100,10000000,3,busqueda,1.727191250,0.172719,1,2
B+,ordenado,100,,3,listado,1.000000167,,1695629,2
Lista,ordenado,100,,4,insercion,1.000002834,,217065,
Lista,ordenado,100,10000000,4,busqueda,8.753970000,0.875397,1,
Lista,ordenado,100,,4,listado,1.000002917,,275298,
ABB,ordenado,100,,4,insercion,1.000083583,,6096,100
ABB,ordenado,100,10000000,4,busqueda,18.311132250,1.831113,1,100
ABB,ordenado,100,,4,listado,1.000003083,,154255,100
B+,ordenado,100,,4,insercion,1.000015916,,43013,2
B+,ordenado,100,10000000,4,busqueda,1.738482042,0.173848,1,2
B+,ordenado,100,,4,listado,1.000000125,,1659580,2
Lista,ordenado,100,,5,insercion,1.000002125,,217776,
Lista,ordenado,100,10000000,5,busqueda,8.771023083,0.877102,1,
Lista,ordenado,100,,5,listado,1.000003083,,275962,
ABB,ordenado,100,,5,insercion,1.000101375,,6111,100
ABB,ordenado,100,10000000,5,busqueda,18.281853667,1.828185,1,100
ABB,ordenado,100,,5,listado,1.000004708,,156487,100
B+,ordenado,100,,5,insercion,1.000010042,,42982,2
B+,ordenado,100,10000000,5,busqueda,1.733036250,0.173304,1,2
B+,ordenado,100,,5,listado,1.000000000,,1610343,2
Lista,ordenado,500,,1,insercion,1.000016042,,49173,
Lista,ordenado,500,10000000,1,busqueda,42.646213708,4.264621,1,
Lista,ordenado,500,,1,listado,1.000014834,,50656,
ABB,ordenado,500,,1,insercion,1.001056334,,232,500
ABB,ordenado,500,10000000,1,busqueda,101.901245334,10.190125,1,500
ABB,ordenado,500,,1,listado,1.000012959,,32530,500
B+,ordenado,500,,1,insercion,1.000066375,,7729,2
B+,ordenado,500,10000000,1,busqueda,1.912784583,0.191278,1,2
B+,ordenado,500,,1,listado,1.000000500,,486962,2
Lista,ordenado,500,,2,insercion,1.000002208,,48901,
Lista,ordenado,500,10000000,2,busqueda,43.589970959,4.358997,1,
Lista,ordenado,500,,2,listado,1.000002292,,48754,
ABB,ordenado,500,,2,insercion,1.002568417,,230,500
ABB,ordenado,500,10000000,2,busqueda,103.304602625,10.330460,1,500
ABB,ordenado,500,,2,listado,1.000013917,,32787,500
B+,ordenado,500,,2,insercion,1.000104625,,7748,2
B+,ordenado,500,10000000,2,busqueda,1.914043375,0.191404,1,2
B+,ordenado,500,,2,listado,1.000001875,,496362,2
Lista,ordenado,500,,3,insercion,1.000011083,,49428,
Lista,ordenado,500,10000000,3,busqueda,42.895085209,4.289509,1,
Lista,ordenado,500,,3,listado,1.000011042,,50995,
ABB,ordenado,500,,3,insercion,1.001376916,,232,500
ABB,ordenado,500,10000000,3,busqueda,101.664657833,10.166466,1,500
ABB,ordenado,500,,3,listado,1.000001291,,32885,500
B+,ordenado,500,,3,insercion,1.000101292,,7754,2
B+,ordenado,500,10000000,3,busqueda,1.912224125,0.191222,1,2
B+,ordenado,500,,3,listado,1.000001458,,486659,2
Lista,ordenado,500,,4,insercion,1.000010958,,49166,
Lista,ordenado,500,10000000,4,busqueda,43.414921667,4.341492,1,
Lista,ordenado,500,,4,listado,1.000013958,,50640,
ABB,ordenado,500,,4,insercion,1.000180333,,230,500
ABB,ordenado,500,10000000,4,busqueda,102.529846625,10.252985,1,500
ABB,ordenado,500,,4,listado,1.000008042,,31739,500
B+,ordenado,500,,4,insercion,1.000011625,,7680,2
B+,ordenado,500,10000000,4,busqueda,1.917249334,0.191725,1,2
B+,ordenado,500,,4,listado,1.000001375,,463220,2
Lista,ordenado,500,,5,insercion,1.000007333,,49522,
Lista,ordenado,500,10000000,5,busqueda,42.703985667,4.270399,1,
Lista,ordenado,500,,5,listado,1.000014708,,50633,
ABB,ordenado,500,,5,insercion,1.002666458,,233,500
ABB,ordenado,500,10000000,5,busqueda,101.234225917,10.123423,1,500
ABB,ordenado,500,,5,listado,1.000007875,,32878,500
B+,ordenado,500,,5,insercion,1.000116125,,7753,2
B+,ordenado,500,10000000,5,busqueda,1.918084625,0.191808,1,2
B+,ordenado,500,,5,listado,1.000001958,,474373,2
Lista,ordenado,1000,,1,insercion,1.000002917,,25248,
Lista,ordenado,1000,5000000,1,busqueda,48.996043584,9.799209,1,
Lista,ordenado,1000,,1,listado,1.000018125,,22683,
ABB,ordenado,1000,,1,insercion,1.008848125,,52,1000
ABB,ordenado,1000,5000000,1,busqueda,114.597005209,22.919401,1,1000
ABB,ordenado,1000,,1,listado,1.000043625,,16474,1000
B+,ordenado,1000,,1,insercion,1.000129667,,3478,3
B+,ordenado,1000,5000000,1,busqueda,1.190675250,0.238135,1,3
B+,ordenado,1000,,1,listado,1.000003667,,228615,3
Lista,ordenado,1000,,2,insercion,1.000021208,,25011,
Lista,ordenado,1000,5000000,2,busqueda,49.209883083,9.841977,1,
Lista,ordenado,1000,,2,listado,1.000042583,,22599,
ABB,ordenado,1000,,2,insercion,1.015938875,,52,1000
ABB,ordenado,1000,5000000,2,busqueda,114.916506500,22.983301,1,1000
ABB,ordenado,1000,,2,listado,1.000047083,,16533,1000
B+,ordenado,1000,,2,insercion,1.000038250,,3452,3
B+,ordenado,1000,5000000,2,busqueda,1.201203708,0.240241,1,3
B+,ordenado,1000,,2,listado,1.000003333,,239374,3
Lista,ordenado,1000,,3,insercion,1.000019500,,25238,
Lista,ordenado,1000,5000000,3,busqueda,49.068360542,9.813672,1,
Lista,ordenado,1000,,3,listado,1.000029834,,22434,
ABB,ordenado,1000,,3,insercion,1.002085458,,51,1000
ABB,ordenado,1000,5000000,3,busqueda,116.133699542,23.226740,1,1000
ABB,ordenado,1000,,3,listado,1.000028834,,16294,1000
B+,ordenado,1000,,3,insercion,1.000007833,,3472,3
B+,ordenado,1000,5000000,3,busqueda,1.191024375,0.238205,1,3
B+,ordenado,1000,,3,listado,1.000003166,,229036,3
Lista,ordenado,1000,,4,insercion,1.000030583,,24566,
Lista,ordenado,1000,5000000,4,busqueda,48.596412833,9.719283,1,
Lista,ordenado,1000,,4,listado,1.000018584,,22587,
ABB,ordenado,1000,,4,insercion,1.009097625,,52,1000
ABB,ordenado,1000,5000000,4,busqueda,114.201061333,22.840212,1,1000
ABB,ordenado,1000,,4,listado,1.000049500,,16330,1000
B+,ordenado,1000,,4,insercion,1.000177667,,3471,3
B+,ordenado,1000,5000000,4,busqueda,1.198672416,0.239734,1,3
B+,ordenado,1000,,4,listado,1.000000708,,222476,3
Lista,ordenado,1000,,5,insercion,1.000003375,,25135,
Lista,ordenado,1000,5000000,5,busqueda,48.990999291,9.798200,1,
Lista,ordenado,1000,,5,listado,1.000001375,,22629,
ABB,ordenado,1000,,5,insercion,1.010029542,,52,1000
ABB,ordenado,1000,5000000,5,busqueda,114.801937292,22.960387,1,1000
ABB,ordenado,1000,,5,listado,1.000048458,,16282,1000
B+,ordenado,1000,,5,insercion,1.000095417,,3473,3
B+,ordenado,1000,5000000,5,busqueda,1.197048042,0.239410,1,3
B+,ordenado,1000,,5,listado,1.000002083,,232876,3
Lista,ordenado,2500,,1,insercion,1.000044625,,10164,
Lista,ordenado,2500,20000,1,busqueda,0.517200958,25.860048,1,
Lista,ordenado,2500,,1,listado,1.000020959,,8615,
ABB,ordenado,2500,,1,insercion,1.007859000,,8,2500
ABB,ordenado,2500,20000,1,busqueda,1.181978792,59.098940,1,2500
ABB,ordenado,2500,,1,listado,1.000057500,,6692,2500
B+,ordenado,2500,,1,insercion,1.000119083,,1292,3
B+,ordenado,2500,20000,1,busqueda,0.005735667,0.286783,1,3
B+,ordenado,2500,,1,listado,1.000005542,,81857,3
Lista,ordenado,2500,,2,insercion,1.000045084,,10117,
Lista,ordenado,2500,20000,2,busqueda,0.513520292,25.676015,1,
Lista,ordenado,2500,,2,listado,1.000048666,,8651,
ABB,ordenado,2500,,2,insercion,1.004772750,,8,2500
ABB,ordenado,2500,20000,2,busqueda,1.175130000,58.756500,1,2500
ABB,ordenado,2500,,2,listado,1.000092833,,6621,2500
B+,ordenado,2500,,2,insercion,1.000138375,,1290,3
B+,ordenado,2500,20000,2,busqueda,0.005159708,0.257985,1,3
B+,ordenado,2500,,2,listado,1.000005167,,85062,3
Lista,ordenado,2500,,3,insercion,1.000076667,,10168,
Lista,ordenado,2500,20000,3,busqueda,0.524277583,26.213879,1,
Lista,ordenado,2500,,3,listado,1.000047625,,8500,
ABB,ordenado,2500,,3,insercion,1.013587750,,8,2500
ABB,ordenado,2500,20000,3,busqueda,1.189848750,59.492437,1,2500
ABB,ordenado,2500,,3,listado,1.000046292,,6625,2500
B+,ordenado,2500,,3,insercion,1.000613333,,1292,3
B+,ordenado,2500,20000,3,busqueda,0.005214709,0.260735,1,3
B+,ordenado,2500,,3,listado,1.000009500,,85371,3
Lista,ordenado,2500,,4,insercion,1.000030208,,10221,
Lista,ordenado,2500,20000,4,busqueda,0.513447458,25.672373,1,
Lista,ordenado,2500,,4,listado,1.000048125,,8635,
ABB,ordenado,2500,,4,insercion,1.004446292,,8,2500
ABB,ordenado,2500,20000,4,busqueda,1.179569959,58.978498,1,2500
ABB,ordenado,2500,,4,listado,1.000125834,,6684,2500
B+,ordenado,2500,,4,insercion,1.000528292,,1284,3
B+,ordenado,2500,20000,4,busqueda,0.005204125,0.260206,1,3
B+,ordenado,2500,,4,listado,1.000005125,,83336,3
Lista,ordenado,2500,,5,insercion,1.000008083,,10171,
Lista,ordenado,2500,20000,5,busqueda,0.518512333,25.925617,1,
Lista,ordenado,2500,,5,listado,1.000103125,,8591,
ABB,ordenado,2500,,5,insercion,1.009533542,,8,2500
ABB,ordenado,2500,20000,5,busqueda,1.188212625,59.410631,1,2500
ABB,ordenado,2500,,5,listado,1.000116375,,6670,2500
B+,ordenado,2500,,5,insercion,1.000224500,,1292,3
B+,ordenado,2500,20000,5,busqueda,0.005193417,0.259671,1,3
B+,ordenado,2500,,5,listado,1.000010458,,84014,3
Lista,ordenado,5000,,1,insercion,1.000102458,,5068,
Lista,ordenado,5000,10000,1,busqueda,0.518229292,51.822929,1,
Lista,ordenado,5000,,1,listado,1.000006792,,4205,
ABB,ordenado,5000,,1,insercion,1.025195416,,2,5000
ABB,ordenado,5000,10000,1,busqueda,1.189256625,118.925662,1,5000
ABB,ordenado,5000,,1,listado,1.000193209,,3370,5000
B+,ordenado,5000,,1,insercion,1.000240750,,614,3
B+,ordenado,5000,10000,1,busqueda,0.002812250,0.281225,1,3
B+,ordenado,5000,,1,listado,1.000002375,,40983,3
Lista,ordenado,5000,,2,insercion,1.000013875,,4929,
Lista,ordenado,5000,10000,2,busqueda,0.533407166,53.340717,1,
Lista,ordenado,5000,,2,listado,1.000175125,,4096,
ABB,ordenado,5000,,2,insercion,1.021408084,,2,5000
ABB,ordenado,5000,10000,2,busqueda,1.205396833,120.539683,1,5000
ABB,ordenado,5000,,2,listado,1.000240667,,3376,5000
B+,ordenado,5000,,2,insercion,1.000831791,,625,3
B+,ordenado,5000,10000,2,busqueda,0.002773250,0.277325,1,3
B+,ordenado,5000,,2,listado,1.000016459,,42084,3
Lista,ordenado,5000,,3,insercion,1.000176375,,5054,
Lista,ordenado,5000,10000,3,busqueda,0.524793541,52.479354,1,
Lista,ordenado,5000,,3,listado,1.000076584,,3934,
ABB,ordenado,5000,,3,insercion,1.028557917,,2,5000
ABB,ordenado,5000,10000,3,busqueda,1.200455834,120.045583,1,5000
ABB,ordenado,5000,,3,listado,1.000285292,,3357,5000
B+,ordenado,5000,,3,insercion,1.000213208,,628,3
B+,ordenado,5000,10000,3,busqueda,0.002809667,0.280967,1,3
B+,ordenado,5000,,3,listado,1.000007167,,41592,3
Lista,ordenado,5000,,4,insercion,1.000125834,,4970,
Lista,ordenado,5000,10000,4,busqueda,0.564443416,56.444342,1,
Lista,ordenado,5000,,4,listado,1.000234500,,3800,
ABB,ordenado,5000,,4,insercion,1.036767750,,2,5000
ABB,ordenado,5000,10000,4,busqueda,1.198040583,119.804058,1,5000
ABB,ordenado,5000,,4,listado,1.000003542,,3341,5000
B+,ordenado,5000,,4,insercion,1.000763708,,622,3
B+,ordenado,5000,10000,4,busqueda,0.002825625,0.282563,1,3
B+,ordenado,5000,,4,listado,1.000017958,,40515,3
Lista,ordenado,5000,,5,insercion,1.000108209,,4899,
Lista,ordenado,5000,10000,5,busqueda,0.519552916,51.955292,1,
Lista,ordenado,5000,,5,listado,1.000104459,,4035,
ABB,ordenado,5000,,5,insercion,1.031346125,,2,5000
ABB,ordenado,5000,10000,5,busqueda,1.182925708,118.292571,1,5000
ABB,ordenado,5000,,5,listado,1.000209875,,3327,5000
B+,ordenado,5000,,5,insercion,1.001549708,,625,3
B+,ordenado,5000,10000,5,busqueda,0.002872959,0.287296,1,3
B+,ordenado,5000,,5,listado,1.000020625,,42541,3
Lista,ordenado,10000,,1,insercion,1.000262333,,2415,
Lista,ordenado,10000,5000,1,busqueda,0.551949208,110.389842,1,
Lista,ordenado,10000,,1,listado,1.000451375,,1916,
ABB,ordenado,10000,,1,insercion,2.165325084,,1,10000
ABB,ordenado,10000,5000,1,busqueda,1.245956583,249.191317,1,10000
ABB,ordenado,10000,,1,listado,1.000128792,,1643,10000
B+,ordenado,10000,,1,insercion,1.000998167,,298,4
B+,ordenado,10000,5000,1,busqueda,0.001745667,0.349133,1,4
B+,ordenado,10000,,1,listado,1.000010958,,17721,4
Lista,ordenado,10000,,2,insercion,1.000228875,,2442,
Lista,ordenado,10000,5000,2,busqueda,0.543418667,108.683733,1,
Lista,ordenado,10000,,2,listado,1.000364000,,1969,
ABB,ordenado,10000,,2,insercion,2.110349459,,1,10000
ABB,ordenado,10000,5000,2,busqueda,1.233241083,246.648217,1,10000
ABB,ordenado,10000,,2,listado,1.000073500,,1637,10000
B+,ordenado,10000,,2,insercion,1.002543042,,298,4
B+,ordenado,10000,5000,2,busqueda,0.001719167,0.343833,1,4
B+,ordenado,10000,,2,listado,1.000001334,,21204,4
Lista,ordenado,10000,,3,insercion,1.000129584,,2460,
Lista,ordenado,10000,5000,3,busqueda,0.576041833,115.208367,1,
Lista,ordenado,10000,,3,listado,1.000498791,,1947,
ABB,ordenado,10000,,3,insercion,2.162487667,,1,10000
ABB,ordenado,10000,5000,3,busqueda,1.271209000,254.241800,1,10000
ABB,ordenado,10000,,3,listado,1.000080125,,1668,10000
B+,ordenado,10000,,3,insercion,1.002785500,,299,4
B+,ordenado,10000,5000,3,busqueda,0.001735083,0.347017,1,4
B+,ordenado,10000,,3,listado,1.000015708,,17317,4
Lista,ordenado,10000,,4,insercion,1.000214917,,2479,
Lista,ordenado,10000,5000,4,busqueda,0.558233042,111.646608,1,
Lista,ordenado,10000,,4,listado,1.000447958,,1941,
ABB,ordenado,10000,,4,insercion,2.131949375,,1,10000
ABB,ordenado,10000,5000,4,busqueda,1.252162792,250.432558,1,10000
ABB,ordenado,10000,,4,listado,1.000590209,,1673,10000
B+,ordenado,10000,,4,insercion,1.003000917,,300,4
B+,ordenado,10000,5000,4,busqueda,0.001759584,0.351917,1,4
B+,ordenado,10000,,4,listado,1.000021958,,17401,4
Lista,ordenado,10000,,5,insercion,1.000351416,,2402,
Lista,ordenado,10000,5000,5,busqueda,0.560177750,112.035550,1,
Lista,ordenado,10000,,5,listado,1.000331959,,1943,
ABB,ordenado,10000,,5,insercion,2.165251125,,1,10000
ABB,ordenado,10000,5000,5,busqueda,1.258188125,251.637625,1,10000
ABB,ordenado,10000,,5,listado,1.000396625,,1657,10000
B+,ordenado,10000,,5,insercion,1.000405917,,300,4
B+,ordenado,10000,5000,5,busqueda,0.001718000,0.343600,1,4
B+,ordenado,10000,,5,listado,1.000023167,,19922,4
